{"cameraMode":{"drawMode":0,"name":"Shaded","section":"Shading Mode"},"sceneLighting":true,"audioPlay":false,"sceneViewState":{"showFog":true,"showMaterialUpdate":false,"showSkybox":true,"showFlares":true,"showImageEffects":true,"showParticleSystems":true},"in2DMode":false,"pivot":{"x":0.0006732791662216187,"y":0.39117729663848879,"z":0.008527427911758423},"rotation":{"x":-0.15625633299350739,"y":0.8391973972320557,"z":-0.31761741638183596,"w":-0.4128570556640625},"size":1.8103208541870118,"orthographic":false}