{"cameraMode":{"drawMode":0,"name":"Shaded","section":"Shading Mode"},"sceneLighting":true,"audioPlay":false,"sceneViewState":{"showFog":true,"showMaterialUpdate":false,"showSkybox":true,"showFlares":true,"showImageEffects":true,"showParticleSystems":true},"in2DMode":false,"pivot":{"x":183.7716522216797,"y":-1547.4752197265625,"z":-839.92919921875},"rotation":{"x":0.02728748880326748,"y":0.03391686826944351,"z":-0.0009939231676980854,"w":0.999051570892334},"size":13273.90625,"orthographic":false}